{
    "accuracy": 0.9979838709677419,
    "precision": 0.9980276998597475,
    "recall": 0.9979838709677419,
    "f1_score": 0.9979836220321904,
    "mcc": 0.9972919595967371,
    "latency_ms": 28.217151280372374,
    "fps": 35.439438590513994,
    "samples": 496,
    "classes": [
        "clean",
        "bridge",
        "opens",
        "cracks",
        "cmp_residue",
        "particles",
        "scratch"
    ]
}